,datetime,timestamp,user_id,level,task,hr,gsr,rr,temperature,TLX_mean,TLX_mental_demand,TLX_physical_demand,TLX_temporal_demand,TLX_performance,TLX_effort,TLX_frustration,band_ax,band_ay,band_az,opacity_median,opacity_std
0,2017-10-19 14:49:47,1508424586511,b7mrd,1,GC,70.33333333333333,0.7353993398815245,0.713456000000004,33.50999832153318,16,3,2,2,3,3,3,-0.0182291999999982,0.3568114999999996,0.928548333333333,0.101960784314,0.450341974947386
1,2017-10-19 14:52:11,1508424730505,b7mrd,2,GC,75.0,0.6124509740081924,0.7742933333333367,33.4199981689453,19,4,2,2,4,3,4,0.2434488333333349,0.2841796666666668,0.918701166666666,0.101960784314,0.0909842556891549
2,2017-10-19 14:53:29,1508424808499,b7mrd,0,GC,68.66666666666667,0.726954360584181,0.80194666666667,33.29999923706047,12,2,2,2,2,2,2,0.0490315833333348,0.2947996666666669,0.9497069999999992,0.1176470588234999,0.0110918710768675
3,2017-10-19 14:57:20,1508425039495,b7mrd,rest,NCrest,68.66666666666667,0.9279746534682182,0.7964160000000037,33.31999969482413,-1,-1,-1,-1,-1,-1,-1,-0.0696614666666648,0.5157061666666672,0.8483478333333313,-1.0,-1.0
4,2017-10-19 15:01:11,1508425270498,b7mrd,rest,NCrest,71.33333333333333,0.5156698685749644,0.7825893333333368,33.41999816894526,-1,-1,-1,-1,-1,-1,-1,-0.0529785666666652,0.8586020000000009,0.0771078333333317,-1.0,-1.0
5,2017-10-19 15:04:43,1508425482499,b7mrd,rest,NCrest,74.0,0.472378778084396,0.8904373333333373,33.49999999999994,-1,-1,-1,-1,-1,-1,-1,-0.918578999999998,-0.2325031666666658,0.3245034999999988,-1.0,-1.0
6,2017-10-19 14:43:08,1508424187504,b7mrd,rest,FArest,77.33333333333333,0.6238250310263561,0.8627840000000023,33.779998779296925,-1,-1,-1,-1,-1,-1,-1,-0.1007080999999984,0.8631996666666667,0.4772543333333321,-1.0,-1.0
7,2017-10-19 14:45:38,1508424337492,b7mrd,rest,FArest,74.33333333333333,0.5629047100681018,0.9346826666666692,33.84000015258791,-1,-1,-1,-1,-1,-1,-1,-0.0506591999999984,0.4021401666666664,0.9054363333333324,-1.0,-1.0
8,2017-10-19 14:48:26,1508424505504,b7mrd,rest,FArest,75.66666666666667,0.6033312634838722,0.7355786666666706,33.56999969482421,-1,-1,-1,-1,-1,-1,-1,0.0012207000000017,0.5111896666666663,0.8500974999999991,-1.0,-1.0
9,2017-10-19 15:14:32,1508426071502,b7mrd,rest,PTrest,71.0,1.0416666666666623,0.6968640000000031,33.56999969482413,-1,-1,-1,-1,-1,-1,-1,0.1003420000000017,0.784424000000001,0.5488279999999987,-1.0,-1.0
10,2017-10-19 15:16:17,1508426176491,b7mrd,rest,PTrest,71.0,1.0416666666666623,0.6968640000000031,33.56999969482413,-1,-1,-1,-1,-1,-1,-1,0.1003420000000017,0.784424000000001,0.5488279999999987,-1.0,-1.0
11,2017-10-19 15:05:49,1508425548501,b7mrd,rest,SXrest,69.66666666666667,0.8796062866574403,0.8793760000000037,33.54000091552722,-1,-1,-1,-1,-1,-1,-1,-0.0036621103333314,0.9805093333333342,0.1668703333333322,-1.0,-1.0
12,2017-10-19 15:07:14,1508425633510,b7mrd,rest,SXrest,71.0,1.0416666666666623,0.6968640000000031,33.56999969482413,-1,-1,-1,-1,-1,-1,-1,0.1003420000000017,0.784424000000001,0.5488279999999987,-1.0,-1.0
13,2017-10-19 15:11:56,1508425915493,b7mrd,rest,SXrest,71.0,1.0416666666666623,0.6968640000000031,33.56999969482413,-1,-1,-1,-1,-1,-1,-1,0.1003420000000017,0.784424000000001,0.5488279999999987,-1.0,-1.0
14,2017-10-19 14:32:31,1508423550496,b7mrd,2,HP,79.66666666666667,0.3362953944384834,0.8517226666666691,33.810001373291,11,2,1,2,2,2,2,-0.4116213333333325,0.4452308333333324,0.792765166666665,0.1058823529415,0.098169847610571
15,2017-10-19 14:34:59,1508423698497,b7mrd,0,HP,81.0,0.3328526773821089,0.7466400000000025,33.77000045776372,7,1,1,1,2,1,1,-0.3595379999999991,0.4900306666666654,0.7917073333333325,0.0980392156864,0.0064038947525196
16,2017-10-19 14:37:00,1508423819495,b7mrd,1,HP,82.66666666666667,0.3515771709401283,0.7300480000000018,33.75000000000002,11,2,1,2,2,2,2,-0.3595376666666654,0.4242349999999988,0.8288576666666655,0.101960784314,0.0306164728768664
17,2017-10-19 14:04:26,1508421865513,b7mrd,rest,n3_rest,74.0,0.2711742949505089,0.7798239999999991,32.29000091552738,-1,-1,-1,-1,-1,-1,-1,0.4015301666666679,0.6038818333333341,0.6723631666666664,-1.0,-1.0
18,2017-10-19 15:13:46,1508426025502,b7mrd,1,PT,71.0,1.0416666666666623,0.6968640000000031,33.56999969482413,13,2,2,2,2,3,2,0.1003420000000017,0.784424000000001,0.5488279999999987,0.141176470588,0.0839700143188025
19,2017-10-19 15:15:38,1508426137494,b7mrd,0,PT,71.0,1.0416666666666623,0.6968640000000031,33.56999969482413,12,2,2,2,2,2,2,0.1003420000000017,0.784424000000001,0.5488279999999987,0.101960784314,0.0208495707578604
20,2017-10-19 15:19:02,1508426341486,b7mrd,2,PT,71.0,1.0416666666666623,0.6968640000000031,33.56999969482413,17,4,2,3,3,3,2,0.1003420000000017,0.784424000000001,0.5488279999999987,0.121568627451,0.0867673494263534
21,2017-10-19 13:59:26,1508421565494,b7mrd,rest,n2_rest,83.33333333333333,0.3312405572522204,0.6304959999999983,32.060001373291,-1,-1,-1,-1,-1,-1,-1,0.2380373333333349,0.5033366666666678,0.8225913333333338,-1.0,-1.0
22,2017-10-19 15:06:36,1508425595504,b7mrd,1,SX,74.0,0.9101943423756056,0.8406613333333363,33.56000137329092,12,2,2,2,2,2,2,-0.0607909999999981,0.6137290000000011,0.7777506666666655,0.1058823529415,0.0378859522776375
23,2017-10-19 15:09:03,1508425742513,b7mrd,2,SX,71.0,1.0416666666666623,0.6968640000000031,33.56999969482413,12,2,2,2,2,2,2,0.1003420000000017,0.784424000000001,0.5488279999999987,0.133333333333,0.2800350968072402
24,2017-10-19 14:34:06,1508423645495,b7mrd,rest,HPrest,75.66666666666667,0.3253503150629874,0.752170666666669,33.77000045776372,-1,-1,-1,-1,-1,-1,-1,-0.2300213333333325,0.8823649999999991,0.3980713333333323,-1.0,-1.0
25,2017-10-19 14:35:42,1508423741496,b7mrd,rest,HPrest,75.66666666666667,0.3528937347239471,0.8959680000000027,33.77000045776372,-1,-1,-1,-1,-1,-1,-1,-0.2391761666666655,0.3791096666666655,0.8806153333333321,-1.0,-1.0
26,2017-10-19 14:39:01,1508423940499,b7mrd,rest,HPrest,73.33333333333333,0.4577131476254252,0.707925333333335,33.65999984741213,-1,-1,-1,-1,-1,-1,-1,-0.9109293333333324,-0.396118166666667,0.0878092499999993,-1.0,-1.0
27,2017-10-19 13:55:25,1508421324504,b7mrd,1,n2,80.33333333333333,0.3035517932048756,0.7742933333333331,31.89999961853028,-1,-1,-1,-1,-1,-1,-1,0.261597000000001,0.616903000000001,0.7307943333333329,-1.0,-1.0
28,2017-10-19 14:50:36,1508424635514,b7mrd,rest,GCrest,70.66666666666667,0.7086677665736029,0.8185386666666702,33.40999984741209,-1,-1,-1,-1,-1,-1,-1,-0.0518798833333316,0.337728,0.9351399999999996,-1.0,-1.0
29,2017-10-19 14:52:58,1508424777503,b7mrd,rest,GCrest,77.66666666666667,0.7423297857513175,0.7577013333333369,33.36000061035157,-1,-1,-1,-1,-1,-1,-1,0.0186769000000015,0.5770670000000003,0.7145996666666657,-1.0,-1.0
30,2017-10-19 14:54:44,1508424883493,b7mrd,rest,GCrest,78.16666666666667,0.5542488907118032,0.326309333333337,33.276667277018184,-1,-1,-1,-1,-1,-1,-1,-0.0716145833333319,0.4291178333333341,0.8944906666666655,-1.0,-1.0
31,2017-10-19 14:42:12,1508424131496,b7mrd,2,FA,70.0,0.6598590979410043,1.106133333333336,33.779998779296925,21,3,2,4,5,3,4,-0.9062094999999984,-0.1614581666666668,0.3875323333333325,0.121568627451,0.0247815006262541
32,2017-10-19 14:44:45,1508424284503,b7mrd,1,FA,77.0,0.4908562377104217,0.7300480000000023,33.84000015258791,14,3,2,2,2,3,2,-0.9113363333333316,-0.0854492166666666,0.4107664999999991,0.0980392156864,0.0468717101698999
33,2017-10-19 14:46:39,1508424398496,b7mrd,0,FA,80.0,0.4768762845894014,0.7466400000000034,33.77000045776372,11,2,2,2,2,2,1,-0.0394287333333317,0.4975178333333332,0.8621419999999987,0.1137254901965,0.0293463324452998
34,2017-10-19 14:01:26,1508421685493,b7mrd,2,n3,78.0,0.2320366431864694,0.7659973333333316,32.139999389648466,-1,-1,-1,-1,-1,-1,-1,0.2207440000000014,0.5609130000000003,0.7872721666666668,-1.0,-1.0
35,2017-10-19 14:55:59,1508424958500,b7mrd,0,NC,74.33333333333333,0.405686102375706,0.8185386666666704,33.22000122070304,12,2,2,2,2,2,2,-0.0736490999999984,0.4885660000000008,0.8645019999999987,0.101960784314,0.0159639292422156
36,2017-10-19 15:00:22,1508425221497,b7mrd,2,NC,76.33333333333333,0.5291160891471816,0.7521706666666698,33.43999862670896,19,3,2,4,4,3,3,-0.8495276666666657,-0.3939613333333329,0.3414713333333318,0.101960784314,0.0278598646894049
37,2017-10-19 15:03:22,1508425401499,b7mrd,1,NC,75.33333333333333,0.8042965941945955,0.7853546666666708,33.52999877929685,12,2,2,2,2,2,2,-0.8555499999999983,-0.1276856666666658,0.5015056666666657,0.117647058824,0.025538493131935
